id,name,categories,traits,price (CAD),model,enabled,colours,pack,pack_bytes,thumbnail,thumbnail_pack,finishes_pack,finishes_pack_bytes
lo-01,Barcelona Single Seater Leather,Lounge,,100.00,lounge/lo-01.glb,yes,upholstery: leather_white leather_black,packs/lo-01-5c0707a06c14d270.pck,2554276,thumbnails/lo-01-4fed9434969ae550.webp,packs/thumbnails-6fd869b758a728ee.pck,,
lo-11,Rose Sofa - Velvet - 3 Seat,Lounge,,100.00,lounge/lo-11.glb,yes,,packs/lo-11-47837bacfc4b21a5.pck,2178852,thumbnails/lo-11-5a7769b1b06d0b4f.webp,packs/thumbnails-6fd869b758a728ee.pck,,
lo-15,Round Bench - Oatmeal Fabric and Wood,Lounge,,100.00,lounge/lo-15.glb,yes,,packs/lo-15-efaeb532159a3183.pck,1757028,thumbnails/lo-15-6bdd6d38343a834b.webp,packs/thumbnails-6fd869b758a728ee.pck,,
lo-16,Ottoman - WHITE- round- stainless base,Lounge,,100.00,lounge/lo-16.glb,yes,,packs/lo-16-7e1c5c404cd6fd1a.pck,1658436,thumbnails/lo-16-fd0c393f1a0bee52.webp,packs/thumbnails-6fd869b758a728ee.pck,,
lo-19,Santiago Chair - White,Lounge,,100.00,lounge/lo-19.glb,yes,,packs/lo-19-7e78020b33241ae5.pck,2060900,thumbnails/lo-19-de14ab6beed41764.webp,packs/thumbnails-6fd869b758a728ee.pck,,
lo-22,Ottoman Circular,Lounge,,100.00,lounge/lo-22.glb,yes,upholstery: leather_white leather_black,packs/lo-22-c6171b342885323a.pck,1508164,thumbnails/lo-22-7049238186a3eaca.webp,packs/thumbnails-6fd869b758a728ee.pck,,
ct-01,Harvest Coffee Table - Rustic/Arctic White,Coffee Tables,surface,100.00,coffee-tables/ct-01.glb,yes,top: wood_rustic wood_painted_white,packs/ct-01-da9f49c3c75f1a57.pck,1590184,thumbnails/ct-01-eb5adba099292b41.webp,packs/thumbnails-6fd869b758a728ee.pck,packs/ct-01.finishes-6ad7768f2fbeaf5a.pck,935960
ct-04,Harvest End Table - Rustic/Arctic White,Coffee Tables,surface,100.00,coffee-tables/ct-04.glb,yes,top: wood_rustic wood_painted_white,packs/ct-04-59aef2a718873db8.pck,1580936,thumbnails/ct-04-5ae1279873f67b1f.webp,packs/thumbnails-6fd869b758a728ee.pck,packs/ct-04.finishes-302bb666e3e628c3.pck,841208
ct-05,Mode Coffee Table - Black/White,Coffee Tables,surface,100.00,coffee-tables/ct-05.glb,yes,top: laminate_black laminate_white,packs/ct-05-45db4657698ed518.pck,1196520,thumbnails/ct-05-1cbe8007ca85516e.webp,packs/thumbnails-6fd869b758a728ee.pck,,
ct-08,Nesting Tables-Set of 3,Coffee Tables,surface,100.00,coffee-tables/ct-08.glb,yes,,packs/ct-08-7b0df08591e707cb.pck,1652392,thumbnails/ct-08-e22fdd43661d78aa.webp,packs/thumbnails-6fd869b758a728ee.pck,,
ct-09,Mode End Table - Black/White,Coffee Tables,surface,100.00,coffee-tables/ct-09.glb,yes,top: laminate_black laminate_white,packs/ct-09-a7c9ae0563271514.pck,1192360,thumbnails/ct-09-99c3319ec781dfdf.webp,packs/thumbnails-6fd869b758a728ee.pck,,
cr-01,Harvest Cocktail Table with Bugle Base,Cruiser Tables,surface,100.00,cruiser-tables/cr-01.glb,yes,top: wood_rustic wood_painted_white,packs/cr-01-9f72715c584c7d67.pck,1445388,thumbnails/cr-01-aaff463f3b29e125.webp,packs/thumbnails-6fd869b758a728ee.pck,packs/cr-01.finishes-0a53d64cb912a941.pck,845304
cr-04,Avenue Communal Table,Cruiser Tables; Display Shelving & Cabinets; Display Tables,surface,100.00,cruiser-tables/cr-04.glb,yes,,packs/cr-04-072e3704d18d1796.pck,1246188,thumbnails/cr-04-d5016cb8eba0333d.webp,packs/thumbnails-6fd869b758a728ee.pck,,
cr-05,Harvest Cruiser Table with Bugle Base,Cruiser Tables,surface,100.00,cruiser-tables/cr-05.glb,yes,top: wood_rustic wood_painted_white,packs/cr-05-01869176c949d24e.pck,1481708,thumbnails/cr-05-8b8078e19703e4b4.webp,packs/thumbnails-6fd869b758a728ee.pck,packs/cr-05.finishes-66fb469456074698.pck,895544
cr-08,Square Cocktail Table with Bugle Base,Cruiser Tables,surface,100.00,cruiser-tables/cr-08.glb,yes,top: laminate_black laminate_white,packs/cr-08-2d9768d8bb8b1cf8.pck,1066540,thumbnails/cr-08-d911526741c99e29.webp,packs/thumbnails-6fd869b758a728ee.pck,,
cr-09,Square Cruiser Table with Bugle Base,Cruiser Tables,surface,100.00,cruiser-tables/cr-09.glb,yes,top: laminate_black laminate_white,packs/cr-09-c0ba7293cff27492.pck,922732,thumbnails/cr-09-2d07fc3cca2bad92.webp,packs/thumbnails-6fd869b758a728ee.pck,,
cr-10,Cruiser Table With Bugle Base,Cruiser Tables,surface,100.00,cruiser-tables/cr-10.glb,yes,top: laminate_black laminate_white,packs/cr-10-cc0556ff3663b6f2.pck,1037228,thumbnails/cr-10-30204fe4f8054082.webp,packs/thumbnails-6fd869b758a728ee.pck,,
cr-11,Cocktail Table With Bugle Base,Cruiser Tables,surface,100.00,cruiser-tables/cr-11.glb,yes,top: laminate_black laminate_white,packs/cr-11-695cc96f75ef94c3.pck,1039436,thumbnails/cr-11-67d29f0cf86f3d16.webp,packs/thumbnails-6fd869b758a728ee.pck,,
cr-12,Avenue Cruiser Table,Cruiser Tables,surface,100.00,cruiser-tables/cr-12.glb,yes,,packs/cr-12-d67834c08bdf446e.pck,1294572,thumbnails/cr-12-d5956ba7272291f8.webp,packs/thumbnails-6fd869b758a728ee.pck,,
dt-02,Genius Table/ Boardroom Table (1 m long),Display Tables,surface,100.00,display-tables/dt-02.glb,yes,,packs/dt-02-11e301cd8bcc13df.pck,1091276,thumbnails/dt-02-48cd29cf1b4eb792.webp,packs/thumbnails-6fd869b758a728ee.pck,,
dt-03,"Harvest Bar Table - Arctic White 42"" High- Bar Height",Display Tables,surface,100.00,display-tables/dt-03.glb,yes,legs: metal_chrome_brushed metal_black_powder,packs/dt-03-bd5e051a42ed2673.pck,1338060,thumbnails/dt-03-7a84e862fa860d8e.webp,packs/thumbnails-6fd869b758a728ee.pck,packs/dt-03.finishes-0682db1df52ba25a.pck,414492
dt-04,"Harvest Bar Table - Rustic 42"" High- Bar Height",Display Tables,surface,100.00,display-tables/dt-04.glb,yes,legs: metal_chrome_brushed metal_black_powder,packs/dt-04-7fdb8ddd0f6c112e.pck,1572364,thumbnails/dt-04-6d60cf1cf83d9335.webp,packs/thumbnails-6fd869b758a728ee.pck,packs/dt-04.finishes-cf540d4a5a184235.pck,422908
dt-05,"Harvest Dining Table - Arctic White 30""",Display Tables,surface,100.00,display-tables/dt-05.glb,yes,legs: metal_chrome_brushed metal_black_powder,packs/dt-05-626e0c792bacfa3c.pck,1378572,thumbnails/dt-05-32cfc8cc4a9778bb.webp,packs/thumbnails-6fd869b758a728ee.pck,packs/dt-05.finishes-e968c396223aebe6.pck,467676
dt-06,"Harvest Dining Table - Rustic 30""",Display Tables,surface,100.00,display-tables/dt-06.glb,yes,legs: metal_chrome_brushed metal_black_powder,packs/dt-06-bbe4e8b60ad53f3c.pck,1530124,thumbnails/dt-06-751b92ef2e1b4be3.webp,packs/thumbnails-6fd869b758a728ee.pck,packs/dt-06.finishes-bc1b5b18c9f79e75.pck,428828
dt-07,Tulip Table,Display Tables,surface,100.00,display-tables/dt-07.glb,yes,,packs/dt-07-9910f9faad169f19.pck,1145772,thumbnails/dt-07-ef09598891824d8c.webp,packs/thumbnails-6fd869b758a728ee.pck,,
dt-12,Skirted 6' Table - Skirted 3 Sides,Display Tables,surface,100.00,display-tables/dt-12.glb,yes,skirt: fabric_black fabric_white fabric_burgundy fabric_dark_green fabric_blue fabric_silver,packs/dt-12-6fb11784be25abad.pck,1931276,thumbnails/dt-12-3be765f8c237b4bc.webp,packs/thumbnails-6fd869b758a728ee.pck,,
cs-01,Corner Counter Showcase,Counter Showcases,surface,100.00,counter-showcases/cs-01.glb,yes,,packs/cs-01-7c92f7cd8148a906.pck,1056588,thumbnails/cs-01-5be4d0a41e9b8ec7.webp,packs/thumbnails-6fd869b758a728ee.pck,,
di-02,Fabric Poster Board - Black,Display Items; Branding,,100.00,display-items/di-02.glb,yes,,packs/di-02-863bf0f75240137e.pck,1595560,thumbnails/di-02-0ea89c50886b63bf.webp,packs/thumbnails-6fd869b758a728ee.pck,,
missing-01,Lightbox,Display Items; Branding,,100.00,display-items/missing-01.glb,yes,,packs/missing-01-4e27afa3596dd580.pck,1217684,thumbnails/missing-01-d71e107cb4a6248a.webp,packs/thumbnails-6fd869b758a728ee.pck,,
av-01,"70"" Samsung UHD 4K",Monitors & LED Walls; Branding,tchotchke,100.00,monitors-led-walls/av-01.glb,yes,,packs/av-01-a6154e8358f1c643.pck,1297424,thumbnails/av-01-18253ea23314e66e.webp,packs/thumbnails-6fd869b758a728ee.pck,,
av-02-55,"55"" Monitor",Monitors & LED Walls; Branding,tchotchke,100.00,monitors-led-walls/av-02-55.glb,yes,,packs/av-02-55-30f6dc75d31d4571.pck,1068916,thumbnails/av-02-55-cb6aa73fc5e5f1ff.webp,packs/thumbnails-6fd869b758a728ee.pck,,
av-02-65,"65"" Monitor",Monitors & LED Walls; Branding,tchotchke,100.00,monitors-led-walls/av-02-65.glb,yes,,packs/av-02-65-2444efaae4ab500a.pck,1106164,thumbnails/av-02-65-a1390671f1af7cfc.webp,packs/thumbnails-6fd869b758a728ee.pck,,
av-03,"49""-50"" Monitor",Monitors & LED Walls; Branding,tchotchke,100.00,monitors-led-walls/av-03.glb,yes,,packs/av-03-c38c7ff1b2ca2ffc.pck,1231600,thumbnails/av-03-3d14e4a8ea0f2f48.webp,packs/thumbnails-6fd869b758a728ee.pck,,
av-04,"40""-43"" monitor",Monitors & LED Walls; Branding,tchotchke,100.00,monitors-led-walls/av-04.glb,yes,,packs/av-04-8a8081c6db54aac8.pck,1083248,thumbnails/av-04-3cc404b3d7d4c051.webp,packs/thumbnails-6fd869b758a728ee.pck,,
av-05,"32"" Insignia 720P",Monitors & LED Walls; Branding,tchotchke,100.00,monitors-led-walls/av-05.glb,yes,,packs/av-05-4138e28db75638c5.pck,1265456,thumbnails/av-05-2a3474c3c9f4789d.webp,packs/thumbnails-6fd869b758a728ee.pck,,
av-06,Small: 24-28 inch tabletop monitor,Monitors & LED Walls; Branding,tchotchke,100.00,monitors-led-walls/av-06.glb,yes,,packs/av-06-219061c7dc6b2da4.pck,1370416,thumbnails/av-06-cf8d3db4f74df364.webp,packs/thumbnails-6fd869b758a728ee.pck,,
av-07,"49"" Slim Touch Screen Kiosk",Monitors & LED Walls; Branding,,100.00,monitors-led-walls/av-07.glb,yes,,packs/av-07-82640d5028ad72aa.pck,1213968,thumbnails/av-07-df17df6d98f4ec1e.webp,packs/thumbnails-6fd869b758a728ee.pck,,
av-10,LED wall - 8 ft high x 10 ft wide,Monitors & LED Walls; Branding,,100.00,monitors-led-walls/av-10.glb,yes,,packs/av-10-ca170ee3a87d8128.pck,1970096,thumbnails/av-10-313c9b6a912c19a7.webp,packs/thumbnails-6fd869b758a728ee.pck,,
av-11,LED wall - 8 ft high x 20 ft wide,Monitors & LED Walls; Branding,,100.00,monitors-led-walls/av-11.glb,yes,,packs/av-11-1e437038be59bbc8.pck,1864368,thumbnails/av-11-b21428b658ee83a5.webp,packs/thumbnails-6fd869b758a728ee.pck,,
